{"cameraMode":{"drawMode":0,"name":"Shaded","section":"Shading Mode"},"sceneLighting":true,"audioPlay":false,"sceneViewState":{"showFog":true,"showMaterialUpdate":false,"showSkybox":true,"showFlares":true,"showImageEffects":true,"showParticleSystems":true},"in2DMode":false,"pivot":{"x":1.7233359813690186,"y":0.9510390758514404,"z":1.0052173137664796},"rotation":{"x":0.002124679507687688,"y":0.9956021308898926,"z":-0.023301273584365846,"w":0.09074778109788895},"size":15.74776554107666,"orthographic":false}