{"cameraMode":{"drawMode":0,"name":"Shaded","section":"Shading Mode"},"sceneLighting":false,"audioPlay":false,"sceneViewState":{"showFog":true,"showMaterialUpdate":true,"showSkybox":false,"showFlares":true,"showImageEffects":true,"showParticleSystems":true},"in2DMode":false,"pivot":{"x":-11.546585083007813,"y":-40.83582305908203,"z":37.46232223510742},"rotation":{"x":0.29772526025772097,"y":-0.1765064299106598,"z":0.056113556027412418,"w":0.9365296959877014},"size":141.12217712402345,"orthographic":false}