{"cameraMode":{"drawMode":0,"name":"Shaded","section":"Shading Mode"},"sceneLighting":true,"audioPlay":false,"sceneViewState":{"showFog":true,"showMaterialUpdate":true,"showSkybox":true,"showFlares":true,"showImageEffects":true,"showParticleSystems":true},"in2DMode":false,"pivot":{"x":10.696353912353516,"y":-2.745682716369629,"z":-1.2666219472885132},"rotation":{"x":0.2688983380794525,"y":0.5445699691772461,"z":-0.18982011079788209,"w":0.7714399099349976},"size":15.277246475219727,"orthographic":false}