{"cameraMode":{"drawMode":0,"name":"Shaded","section":"Shading Mode"},"sceneLighting":true,"audioPlay":false,"sceneViewState":{"showFog":true,"showMaterialUpdate":true,"showSkybox":true,"showFlares":true,"showImageEffects":true,"showParticleSystems":true},"in2DMode":false,"pivot":{"x":-37.25361633300781,"y":-3.6250784397125246,"z":-0.7318928241729736},"rotation":{"x":0.03449270501732826,"y":-0.7558874487876892,"z":0.03994227573275566,"w":0.6525787711143494},"size":58.94373321533203,"orthographic":false}