{"cameraMode":{"drawMode":0,"name":"Shaded","section":"Shading Mode"},"sceneLighting":true,"audioPlay":false,"sceneViewState":{"showFog":true,"showMaterialUpdate":true,"showSkybox":true,"showFlares":true,"showImageEffects":true,"showParticleSystems":true},"in2DMode":false,"pivot":{"x":15.172256469726563,"y":2.158932685852051,"z":-11.236662864685059},"rotation":{"x":-0.004458399955183268,"y":-0.974086344242096,"z":0.22540482878684998,"w":-0.019273417070508004},"size":27.544984817504884,"orthographic":true}