{"cameraMode":{"drawMode":0,"name":"Shaded","section":"Shading Mode"},"sceneLighting":true,"audioPlay":false,"sceneViewState":{"showFog":true,"showMaterialUpdate":true,"showSkybox":true,"showFlares":true,"showImageEffects":true,"showParticleSystems":true},"in2DMode":false,"pivot":{"x":-9.654276847839356,"y":2.066258192062378,"z":7.991970062255859},"rotation":{"x":0.03299136459827423,"y":0.011678003706037999,"z":-0.0004131497407797724,"w":0.9994212985038757},"size":3.308239698410034,"orthographic":false}