{"cameraMode":{"drawMode":0,"name":"Shaded","section":"Shading Mode"},"sceneLighting":true,"audioPlay":false,"sceneViewState":{"showFog":true,"showMaterialUpdate":true,"showSkybox":true,"showFlares":true,"showImageEffects":true,"showParticleSystems":true},"in2DMode":false,"pivot":{"x":537.163330078125,"y":-2.3201076984405519,"z":348.7052307128906},"rotation":{"x":0.19268538057804109,"y":0.2565402090549469,"z":-0.05227058008313179,"w":0.9456891417503357},"size":731.7049560546875,"orthographic":false}