{"cameraMode":{"drawMode":0,"name":"Shaded","section":"Shading Mode"},"sceneLighting":false,"audioPlay":false,"sceneViewState":{"showFog":true,"showMaterialUpdate":true,"showSkybox":false,"showFlares":true,"showImageEffects":true,"showParticleSystems":true},"in2DMode":false,"pivot":{"x":-0.21567954123020173,"y":0.8932479619979858,"z":19.156402587890626},"rotation":{"x":0.027035465463995935,"y":-0.9726110696792603,"z":0.17698165774345399,"w":0.1484658271074295},"size":3.308239698410034,"orthographic":false}