{"cameraMode":{"drawMode":0,"name":"Shaded","section":"Shading Mode"},"sceneLighting":false,"audioPlay":false,"sceneViewState":{"showFog":true,"showMaterialUpdate":true,"showSkybox":false,"showFlares":true,"showImageEffects":true,"showParticleSystems":true},"in2DMode":false,"pivot":{"x":-1.9488786458969117,"y":0.23623935878276826,"z":-1.3393313884735108},"rotation":{"x":0.07509499788284302,"y":-0.8447508215904236,"z":0.12298274040222168,"w":0.5154191255569458},"size":4.971951484680176,"orthographic":false}