{"cameraMode":{"drawMode":0,"name":"Shaded","section":"Shading Mode"},"sceneLighting":true,"audioPlay":false,"sceneViewState":{"showFog":true,"showMaterialUpdate":true,"showSkybox":true,"showFlares":true,"showImageEffects":true,"showParticleSystems":true},"in2DMode":false,"pivot":{"x":1.6436229944229127,"y":0.03030744008719921,"z":18.712352752685548},"rotation":{"x":-0.1526332050561905,"y":-0.8402041792869568,"z":0.30338209867477419,"w":-0.4228039085865021},"size":3.9082396030426027,"orthographic":false}