{"cameraMode":{"drawMode":0,"name":"Shaded","section":"Shading Mode"},"sceneLighting":true,"audioPlay":false,"sceneViewState":{"showFog":true,"showMaterialUpdate":true,"showSkybox":true,"showFlares":true,"showImageEffects":true,"showParticleSystems":true},"in2DMode":false,"pivot":{"x":315.52264404296877,"y":-10.334270477294922,"z":263.350830078125},"rotation":{"x":0.10919524729251862,"y":0.39668187499046328,"z":-0.0475894957780838,"w":0.9101962447166443},"size":242.44241333007813,"orthographic":false}