{"cameraMode":{"drawMode":0,"name":"Shaded","section":"Shading Mode"},"sceneLighting":true,"audioPlay":false,"sceneViewState":{"showFog":true,"showMaterialUpdate":true,"showSkybox":true,"showFlares":true,"showImageEffects":true,"showParticleSystems":true},"in2DMode":false,"pivot":{"x":94.01643371582031,"y":102.34172058105469,"z":73.0453109741211},"rotation":{"x":0.19827955961227418,"y":0.37081000208854678,"z":-0.08136454969644547,"w":0.903640627861023},"size":8.199594497680664,"orthographic":false}