{"cameraMode":{"drawMode":0,"name":"Shaded","section":"Shading Mode"},"sceneLighting":false,"audioPlay":false,"sceneViewState":{"showFog":true,"showMaterialUpdate":true,"showSkybox":false,"showFlares":true,"showImageEffects":true,"showParticleSystems":true},"in2DMode":false,"pivot":{"x":-0.5936703681945801,"y":0.7764135599136353,"z":21.184560775756837},"rotation":{"x":0.19043894112110139,"y":-0.6202854514122009,"z":0.15869872272014619,"w":0.7442184090614319},"size":3.308239698410034,"orthographic":false}