{"cameraMode":{"drawMode":0,"name":"Shaded","section":"Shading Mode"},"sceneLighting":true,"audioPlay":false,"sceneViewState":{"showFog":true,"showMaterialUpdate":true,"showSkybox":true,"showFlares":true,"showImageEffects":true,"showParticleSystems":true},"in2DMode":false,"pivot":{"x":19.085250854492189,"y":38.43709182739258,"z":-10.941080093383789},"rotation":{"x":-0.2679646611213684,"y":-0.2556581497192383,"z":0.07398958504199982,"w":-0.9259541630744934},"size":3.1240689754486086,"orthographic":false}