{"cameraMode":{"drawMode":0,"name":"Shaded","section":"Shading Mode"},"sceneLighting":true,"audioPlay":false,"sceneViewState":{"showFog":true,"showMaterialUpdate":true,"showSkybox":true,"showFlares":true,"showImageEffects":true,"showParticleSystems":true},"in2DMode":false,"pivot":{"x":-0.3745724558830261,"y":-0.1721394807100296,"z":-1.5226500034332276},"rotation":{"x":-0.06816451996564865,"y":0.9124932289123535,"z":-0.1700049191713333,"w":-0.36583757400512698},"size":3.028148651123047,"orthographic":false}