{"cameraMode":{"drawMode":0,"name":"Shaded","section":"Shading Mode"},"sceneLighting":true,"audioPlay":false,"sceneViewState":{"showFog":true,"showMaterialUpdate":true,"showSkybox":true,"showFlares":true,"showImageEffects":true,"showParticleSystems":true},"in2DMode":false,"pivot":{"x":58.9212532043457,"y":-30.780364990234376,"z":-135.996337890625},"rotation":{"x":0.03456417843699455,"y":0.9643700122833252,"z":-0.2082500457763672,"w":0.1594943106174469},"size":153.70962524414063,"orthographic":false}