{"cameraMode":{"drawMode":0,"name":"Shaded","section":"Shading Mode"},"sceneLighting":true,"audioPlay":false,"sceneViewState":{"showFog":true,"showMaterialUpdate":true,"showSkybox":true,"showFlares":true,"showImageEffects":true,"showParticleSystems":true},"in2DMode":false,"pivot":{"x":0.8252164721488953,"y":-0.19246089458465577,"z":2.1517105102539064},"rotation":{"x":0.18305076658725739,"y":0.19324925541877747,"z":-0.03672509267926216,"w":0.9632264375686646},"size":3.5664260387420656,"orthographic":false}