{"cameraMode":{"drawMode":0,"name":"Shaded","section":"Shading Mode"},"sceneLighting":false,"audioPlay":false,"sceneViewState":{"showFog":true,"showMaterialUpdate":true,"showSkybox":false,"showFlares":true,"showImageEffects":true,"showParticleSystems":true},"in2DMode":false,"pivot":{"x":-1.4413350820541382,"y":1.2428264617919922,"z":-0.3355952203273773},"rotation":{"x":0.08768640458583832,"y":-0.6978892087936401,"z":0.08666341751813889,"w":0.705533504486084},"size":4.971951484680176,"orthographic":false}