{"cameraMode":{"drawMode":0,"name":"Shaded","section":"Shading Mode"},"sceneLighting":true,"audioPlay":false,"sceneViewState":{"showFog":true,"showMaterialUpdate":true,"showSkybox":true,"showFlares":true,"showImageEffects":true,"showParticleSystems":true},"in2DMode":false,"pivot":{"x":117.22966003417969,"y":10.208127975463868,"z":278.64801025390627},"rotation":{"x":0.035822782665491107,"y":0.16177287697792054,"z":-0.005876604001969099,"w":0.9861605763435364},"size":5.624854564666748,"orthographic":false}