{"cameraMode":{"drawMode":0,"name":"Shaded","section":"Shading Mode"},"sceneLighting":true,"audioPlay":false,"sceneViewState":{"showFog":true,"showMaterialUpdate":true,"showSkybox":true,"showFlares":true,"showImageEffects":true,"showParticleSystems":true},"in2DMode":false,"pivot":{"x":-25.304391860961915,"y":6.807338237762451,"z":10.245888710021973},"rotation":{"x":-0.03576652705669403,"y":0.3422541618347168,"z":0.01311254221946001,"w":0.9388859868049622},"size":7.492027282714844,"orthographic":false}