{"cameraMode":{"drawMode":0,"name":"Shaded","section":"Shading Mode"},"sceneLighting":true,"audioPlay":false,"sceneViewState":{"showFog":true,"showMaterialUpdate":true,"showSkybox":true,"showFlares":true,"showImageEffects":true,"showParticleSystems":true},"in2DMode":false,"pivot":{"x":415.5378112792969,"y":-237.98712158203126,"z":438.06976318359377},"rotation":{"x":0.3906458914279938,"y":0.24773895740509034,"z":-0.11000905930995941,"w":0.8797280788421631},"size":697.88427734375,"orthographic":false}