{"cameraMode":{"drawMode":0,"name":"Shaded","section":"Shading Mode"},"sceneLighting":false,"audioPlay":false,"sceneViewState":{"showFog":true,"showMaterialUpdate":true,"showSkybox":false,"showFlares":true,"showImageEffects":true,"showParticleSystems":true},"in2DMode":false,"pivot":{"x":-10.546171188354493,"y":5.45802116394043,"z":-1.8124233484268189},"rotation":{"x":-0.10605208575725556,"y":-0.6120036840438843,"z":0.08335311710834503,"w":-0.77928227186203},"size":4.281932830810547,"orthographic":false}