{"cameraMode":{"drawMode":0,"name":"Shaded","section":"Shading Mode"},"sceneLighting":true,"audioPlay":false,"sceneViewState":{"showFog":true,"showMaterialUpdate":true,"showSkybox":true,"showFlares":true,"showImageEffects":true,"showParticleSystems":true},"in2DMode":false,"pivot":{"x":216.00750732421876,"y":76.37476348876953,"z":220.3013153076172},"rotation":{"x":-0.09470606595277786,"y":0.8776727318763733,"z":-0.19422784447669984,"w":-0.42784956097602847},"size":2.2512025833129885,"orthographic":false}