{"cameraMode":{"drawMode":0,"name":"Shaded","section":"Shading Mode"},"sceneLighting":false,"audioPlay":false,"sceneViewState":{"showFog":true,"showMaterialUpdate":true,"showSkybox":false,"showFlares":true,"showImageEffects":true,"showParticleSystems":true},"in2DMode":false,"pivot":{"x":0.8138098120689392,"y":0.9066535234451294,"z":17.737960815429689},"rotation":{"x":0.021716875955462457,"y":0.9484835863113403,"z":-0.06669710576534271,"w":0.30907508730888369},"size":4.50823974609375,"orthographic":false}