{"cameraMode":{"drawMode":0,"name":"Shaded","section":"Shading Mode"},"sceneLighting":true,"audioPlay":false,"sceneViewState":{"showFog":true,"showMaterialUpdate":true,"showSkybox":true,"showFlares":true,"showImageEffects":true,"showParticleSystems":true},"in2DMode":false,"pivot":{"x":14.734894752502442,"y":1.543896198272705,"z":-5.157844543457031},"rotation":{"x":0.10904096812009812,"y":0.3213839828968048,"z":-0.037309687584638599,"w":0.9399569630622864},"size":16.605772018432618,"orthographic":false}