{"cameraMode":{"drawMode":0,"name":"Shaded","section":"Shading Mode"},"sceneLighting":true,"audioPlay":false,"sceneViewState":{"showFog":true,"showMaterialUpdate":true,"showSkybox":true,"showFlares":true,"showImageEffects":true,"showParticleSystems":true},"in2DMode":false,"pivot":{"x":-0.7216441631317139,"y":1.8586701154708863,"z":4.808127403259277},"rotation":{"x":-0.017026863992214204,"y":0.9829174280166626,"z":-0.14312046766281129,"w":-0.11492704600095749},"size":0.33219584822654726,"orthographic":false}