{"cameraMode":{"drawMode":0,"name":"Shaded","section":"Shading Mode"},"sceneLighting":true,"audioPlay":false,"sceneViewState":{"showFog":true,"showMaterialUpdate":true,"showSkybox":true,"showFlares":true,"showImageEffects":true,"showParticleSystems":true},"in2DMode":false,"pivot":{"x":-19.405241012573243,"y":-25.750503540039064,"z":-67.97775268554688},"rotation":{"x":-0.0443442203104496,"y":0.9459593892097473,"z":-0.1467389464378357,"w":-0.28579434752464297},"size":93.73750305175781,"orthographic":false}