{"cameraMode":{"drawMode":0,"name":"Shaded","section":"Shading Mode"},"sceneLighting":true,"audioPlay":false,"sceneViewState":{"showFog":true,"showMaterialUpdate":true,"showSkybox":true,"showFlares":true,"showImageEffects":true,"showParticleSystems":true},"in2DMode":false,"pivot":{"x":-0.5223386883735657,"y":0.5057894587516785,"z":0.9664599895477295},"rotation":{"x":0.045547518879175189,"y":0.7562550902366638,"z":-0.05294821411371231,"w":0.650546133518219},"size":0.4526859521865845,"orthographic":false}