{"cameraMode":{"drawMode":0,"name":"Shaded","section":"Shading Mode"},"sceneLighting":true,"audioPlay":false,"sceneViewState":{"showFog":true,"showMaterialUpdate":true,"showSkybox":true,"showFlares":true,"showImageEffects":true,"showParticleSystems":true},"in2DMode":false,"pivot":{"x":0.6534829139709473,"y":1.9546656608581544,"z":0.055351998656988147},"rotation":{"x":-0.10675499588251114,"y":-0.2996343672275543,"z":0.03375989571213722,"w":-0.9474678039550781},"size":5.876580715179443,"orthographic":false}