{"cameraMode":{"drawMode":0,"name":"Shaded","section":"Shading Mode"},"sceneLighting":false,"audioPlay":false,"sceneViewState":{"showFog":true,"showMaterialUpdate":true,"showSkybox":false,"showFlares":true,"showImageEffects":true,"showParticleSystems":true},"in2DMode":false,"pivot":{"x":-1.874942421913147,"y":1.2551056146621705,"z":21.032489776611329},"rotation":{"x":-0.1412317156791687,"y":0.48254629969596865,"z":-0.07912949472665787,"w":-0.8608173727989197},"size":3.308239698410034,"orthographic":false}