{"cameraMode":{"drawMode":0,"name":"Shaded","section":"Shading Mode"},"sceneLighting":false,"audioPlay":false,"sceneViewState":{"showFog":true,"showMaterialUpdate":true,"showSkybox":false,"showFlares":true,"showImageEffects":true,"showParticleSystems":true},"in2DMode":false,"pivot":{"x":-1.4914679527282715,"y":4.045947074890137,"z":-5.366216659545898},"rotation":{"x":-0.004199591465294361,"y":0.9955011606216431,"z":-0.0790053978562355,"w":-0.05234728381037712},"size":15.225035667419434,"orthographic":false}