{"cameraMode":{"drawMode":0,"name":"Shaded","section":"Shading Mode"},"sceneLighting":true,"audioPlay":false,"sceneViewState":{"showFog":true,"showMaterialUpdate":true,"showSkybox":true,"showFlares":true,"showImageEffects":true,"showParticleSystems":true},"in2DMode":false,"pivot":{"x":1.6967347860336304,"y":3.9789726734161379,"z":10.867289543151856},"rotation":{"x":-0.004687915090471506,"y":-0.986214816570282,"z":0.1630026251077652,"w":-0.028435811400413514},"size":2.509784460067749,"orthographic":false}