{"cameraMode":{"drawMode":0,"name":"Shaded","section":"Shading Mode"},"sceneLighting":true,"audioPlay":false,"sceneViewState":{"showFog":true,"showMaterialUpdate":true,"showSkybox":true,"showFlares":true,"showImageEffects":true,"showParticleSystems":true},"in2DMode":false,"pivot":{"x":-1.4568520784378052,"y":0.435274213552475,"z":0.330776572227478},"rotation":{"x":0.20302097499370576,"y":-0.3506811559200287,"z":0.0781606063246727,"w":0.9108791947364807},"size":3.2664260864257814,"orthographic":false}