{"cameraMode":{"drawMode":0,"name":"Shaded","section":"Shading Mode"},"sceneLighting":true,"audioPlay":false,"sceneViewState":{"showFog":true,"showMaterialUpdate":true,"showSkybox":true,"showFlares":true,"showImageEffects":true,"showParticleSystems":true},"in2DMode":false,"pivot":{"x":-14.997732162475586,"y":-18.03125,"z":11.44115161895752},"rotation":{"x":0.3406388461589813,"y":-0.5040053725242615,"z":0.22561821341514588,"w":0.7609487175941467},"size":33.211734771728519,"orthographic":true}