{"cameraMode":{"drawMode":0,"name":"Shaded","section":"Shading Mode"},"sceneLighting":true,"audioPlay":false,"sceneViewState":{"showFog":true,"showMaterialUpdate":true,"showSkybox":true,"showFlares":true,"showImageEffects":true,"showParticleSystems":true},"in2DMode":false,"pivot":{"x":0.4285246729850769,"y":1.1965184211730958,"z":2.0666563510894777},"rotation":{"x":0.0960870161652565,"y":0.8480961918830872,"z":-0.16486585140228272,"w":0.4942900240421295},"size":2.434835195541382,"orthographic":false}