{"cameraMode":{"drawMode":0,"name":"Shaded","section":"Shading Mode"},"sceneLighting":false,"audioPlay":false,"sceneViewState":{"showFog":true,"showMaterialUpdate":true,"showSkybox":false,"showFlares":true,"showImageEffects":true,"showParticleSystems":true},"in2DMode":false,"pivot":{"x":1.1968793869018555,"y":1.0873280763626099,"z":18.481338500976564},"rotation":{"x":0.039421260356903079,"y":0.9406954050064087,"z":-0.11744454503059387,"w":0.3159325122833252},"size":3.308239698410034,"orthographic":false}