{"cameraMode":{"drawMode":0,"name":"Shaded","section":"Shading Mode"},"sceneLighting":true,"audioPlay":false,"sceneViewState":{"showFog":true,"showMaterialUpdate":true,"showSkybox":true,"showFlares":true,"showImageEffects":true,"showParticleSystems":true},"in2DMode":false,"pivot":{"x":-11.876221656799317,"y":8.335378646850586,"z":-27.91206169128418},"rotation":{"x":-0.006276930216699839,"y":-0.8661591410636902,"z":-0.010923863388597966,"w":0.4996662139892578},"size":37.1224250793457,"orthographic":false}