{"cameraMode":{"drawMode":0,"name":"Shaded","section":"Shading Mode"},"sceneLighting":false,"audioPlay":false,"sceneViewState":{"showFog":true,"showMaterialUpdate":true,"showSkybox":false,"showFlares":true,"showImageEffects":true,"showParticleSystems":true},"in2DMode":false,"pivot":{"x":100.0,"y":17.699983596801759,"z":99.99998474121094},"rotation":{"x":0.31287556886672976,"y":-0.02163746766746044,"z":0.007130787707865238,"w":0.9495369791984558},"size":466.69049072265627,"orthographic":false}