{"cameraMode":{"drawMode":0,"name":"Shaded","section":"Shading Mode"},"sceneLighting":false,"audioPlay":false,"sceneViewState":{"showFog":true,"showMaterialUpdate":true,"showSkybox":false,"showFlares":true,"showImageEffects":true,"showParticleSystems":true},"in2DMode":false,"pivot":{"x":-0.42307406663894656,"y":2.9940195083618166,"z":-0.09002429991960526},"rotation":{"x":0.001883300836198032,"y":0.42301055788993838,"z":0.0009332745103165507,"w":-0.9061376452445984},"size":5.705092906951904,"orthographic":false}