{"cameraMode":{"drawMode":0,"name":"Shaded","section":"Shading Mode"},"sceneLighting":true,"audioPlay":false,"sceneViewState":{"showFog":true,"showMaterialUpdate":true,"showSkybox":true,"showFlares":true,"showImageEffects":true,"showParticleSystems":true},"in2DMode":false,"pivot":{"x":242.9612579345703,"y":86.71398162841797,"z":487.822509765625},"rotation":{"x":0.011032654903829098,"y":0.96295565366745,"z":0.266508013010025,"w":-0.039892930537462237},"size":42.60191345214844,"orthographic":false}