{"cameraMode":{"drawMode":0,"name":"Shaded","section":"Shading Mode"},"sceneLighting":true,"audioPlay":false,"sceneViewState":{"showFog":true,"showMaterialUpdate":true,"showSkybox":true,"showFlares":true,"showImageEffects":true,"showParticleSystems":true},"in2DMode":false,"pivot":{"x":-0.2345975935459137,"y":1.3098174333572388,"z":0.520992636680603},"rotation":{"x":0.09783841669559479,"y":0.3763917088508606,"z":-0.040005650371313098,"w":0.9204216599464417},"size":0.5840038061141968,"orthographic":false}