{"cameraMode":{"drawMode":0,"name":"Shaded","section":"Shading Mode"},"sceneLighting":true,"audioPlay":false,"sceneViewState":{"showFog":true,"showMaterialUpdate":true,"showSkybox":true,"showFlares":true,"showImageEffects":true,"showParticleSystems":true},"in2DMode":false,"pivot":{"x":17.98624610900879,"y":2.8326356410980226,"z":8.628508567810059},"rotation":{"x":0.03583060950040817,"y":-0.957050085067749,"z":0.2540818154811859,"w":0.13496333360671998},"size":5.914059638977051,"orthographic":false}